CID,SIB,Mean.Temp,Temp.Var,UniID,Date.hatch,Surv.4th,Date.4th,Time.4th,Mass.4th,Surv.5th,Date.5th,Time.5th,Mass.5th,Surv.pupa,Date.pupa,Time.pupa,Mass.pupa,PupateOk,Surv.eclose,Date.eclose,Time.eclose,EcloseOk,Sex,Mass.adult,Date.dead,Time.death,Stage.final,Notes
94,8,26,5,94.8.26.5,5/9,,5/15,6,12.3,,5/17,8,41.6,,5/23,14,186.3,N,,,,,,,5/23,14,pupal int,
97,8,26,5,97.8.26.5,5/9,,5/15,6,23.3,,5/17,8,86.4,,5/23,14,186,N,,,,,,,5/23,14,pupal int,
115,8,30,5,115.8.30.5,5/9,,5/15,6,11.4,,5/17,8,52.4,,5/22,13,214.6,N,,,,,,,5/22,13,pupal int,
125,8,26,5,125.8.26.5,5/9,,5/16,7,16.5,,5/18,9,75.2,,5/23,14,211.7,N,,,,,,,5/23,14,pupal int,
138,15,26,5,138.15.26.5,5/10,,5/16,6,8.6,,5/18,8,50.6,,5/23,13,211.2,N,,,,,,,5/23,13,pupal int,
141,15,30,5,141.15.30.5,5/10,,5/16,6,27.2,,5/17,7,47.5,,5/22,12,184.3,N,,,,,,,5/22,12,pupal int,Spent 5/13 in 26 chamber
145,15,30,5,145.15.30.5,5/11,,5/16,5,7.4,,5/18,7,39.4,,5/22,11,181.7,N,,,,,,,5/22,11,pupal int,
155,12,26,5,155.12.26.5,5/10,,5/17,7,9.3,,5/21,11,167.8,,5/25,15,189.7,N,,,,,,,5/25,15,pupa int ,missed 5th?
190,15,26,5,190.15.26.5,5/10,,5/18,8,11.2,,5/21,11,97.7,,5/24,14,188.8,N,,,,,,,5/24,14,pupa int ,
225,M1,30,5,225.M1.30.5,5/14,,5/19,5,7.7,,5/21,7,43.8,,5/25,11,141.6,N,,,,,,,5/25,11,pupa int ,
227,M1,30,5,227.M1.30.5,5/14,,5/19,5,6.4,,5/21,7,32.4,,5/25,11,128.7,N,,,,,,,5/25,11,pupa int ,
128,12,26,5,128.12.26.5,5/10,,5/16,6,9.5,,5/19,9,80.2,,5/25,15,242.5,N,,,,,,,5/25,15,pupa int,
185,M1,26,5,185.M1.26.5,5/11,,5/18,7,8.2,,5/21,10,58.1,,5/26,15,193.4,N,,,,,,,5/26,15,pupa int,
187,8,26,5,187.8.26.5,5/10,,5/18,8,13.1,,5/21,11,41.8,,5/25,15,166.2,N,,,,,,,5/25,15,pupa int,
193,8,21,5,193.8.21.5,5/9,,5/18,9,10.1,,5/21,12,44.2,,5/29,20,213.1,N,,,,,,,5/29,20,pupa int,
194,8,21,5,194.8.21.5,5/9,,5/18,9,11.9,,5/21,12,49.7,,5/27,18,180.2,N,,,,,,,5/27,18,pupa int,
204,8,34,5,204.8.34.5,5/11,,5/18,7,15,,5/20,9,42,,5/25,14,113.4,N,,,,,,,5/25,14,pupa int,
210,M1,26,5,210.M1.26.5,5/14,,5/19,5,8.5,,5/21,7,33.9,,5/25,11,166.7,N,,,,,,,5/25,11,pupa int,
214,12,34,5,214.12.34.5,5/10,,5/19,9,9.2,,5/23,13,37.4,,5/27,17,110,N,,,,,,,5/27,17,pupa int,
217,12,30,5,217.12.30.5,5/14,,5/19,5,7.3,,5/21,7,41.2,,5/27,13,199.5,N,,,,,,,5/27,13,pupa int,
218,12,30,5,218.12.30.5,5/14,,5/19,5,8.3,,5/21,7,47.7,,5/25,11,182.3,N,,,,,,,5/25,11,pupa int,
221,12,30,5,221.12.30.5,5/14,,5/19,5,22.8,,5/20,6,44.1,,5/26,12,257.9,N,,,,,,,5/26,12,pupa int,
224,M1,30,5,224.M1.30.5,5/13,,5/19,6,10.7,,5/21,8,55.7,,5/25,12,151.8,N,,,,,,,5/25,12,pupa int,
230,8,21,5,230.8.21.5,5/9,,5/19,10,14.2,,5/22,13,61.1,,5/30,21,209.4,N,,,,,,,5/30,21,pupa int,
232,8,21,5,232.8.21.5,5/9,,5/19,10,6.2,,5/23,14,36.7,,5/31,22,180.5,N,,,,,,,5/31,22,pupa int,
235,M1,30,5,235.M1.30.5,5/14,,5/20,6,12.5,,5/22,8,52.22,,5/26,12,160.4,N,,,,,,,5/26,12,pupa int,
236,M1,30,5,236.M1.30.5,5/14,,5/20,6,17.5,,5/22,8,58.33,,5/26,12,173,N,,,,,,,5/26,12,pupa int,
239,12,30,5,239.12.30.5,5/14,,5/20,6,16.4,,5/22,8,72.62,,5/26,12,200.4,N,,,,,,,5/26,12,pupa int,
253,M1,34,5,253.M1.34.5,5/13,,5/20,7,14.5,,5/24,11,61.2,,5/29,16,136.7,N,,,,,,,5/29,16,pupa int,
256,8,21,5,256.8.21.5,5/11,,5/20,9,7.1,,5/24,13,33.6,,6/1,21,199.4,N,,,,,,,6/1,21,pupa int,
257,8,21,5,257.8.21.5,5/11,,5/20,9,9.7,,5/23,12,40.1,,5/31,20,216.1,N,,,,,,,5/31,20,pupa int,
258,8,21,5,258.8.21.5,5/11,,5/20,9,9.3,,5/23,12,36.8,,5/31,20,183,N,,,,,,,5/31,20,pupa int,
259,8,21,5,259.8.21.5,5/9,,5/20,11,15.6,,5/23,14,41.9,,5/31,22,243.9,N,,,,,,,5/31,22,pupa int,
260,8,21,5,260.8.21.5,5/9,,5/20,11,18.3,,5/23,14,39.1,,5/31,22,174,N,,,,,,,5/31,22,pupa int,
265,12,30,5,265.12.30.5,5/14,,5/21,7,12.9,,5/23,9,52.1,,5/28,14,230.8,N,,,,,,,5/28,14,pupa int,
266,M1,30,5,266.M1.30.5,5/14,,5/21,7,21.9,,5/23,9,67.5,,5/27,13,163.9,N,,,,,,,5/27,13,pupa int,
268,M1,26,5,268.M1.26.5,5/14,,5/21,7,20.3,,5/23,9,56.4,,5/27,13,187.5,N,,,,,,,5/27,13,pupa int,
269,M1,26,5,269.M1.26.5,5/14,,5/21,7,9.3,,5/24,10,31.5,,5/30,16,128.5,N,,,,,,,5/30,16,pupa int,
270,M1,26,5,270.M1.26.5,5/13,,5/21,8,36.4,,5/23,10,173.1,,5/25,12,169.4,N,,,,,,,5/25,12,pupa int,Missed 5th or 4th?
271,M1,26,5,271.M1.26.5,5/14,,5/21,7,34.9,,5/23,9,154.7,,5/26,12,204.1,N,,,,,,,5/26,12,pupa int,Missed 5th or 4th?
273,M1,26,5,273.M1.26.5,5/14,,5/21,7,32.9,,5/23,9,144.2,,5/25,11,155.3,N,,,,,,,5/25,11,pupa int,Missed 5th or 4th?
274,8,21,5,274.8.21.5,5/11,,5/21,10,10.9,,5/25,14,42.6,,6/1,21,142.3,N,,,,,,,6/1,21,pupa int,
275,3,21,5,275.3.21.5,5/12,,5/21,9,9.7,,5/25,13,39.8,,6/2,21,191.2,N,,,,,,,6/2,21,pupa int,
276,15,21,5,276.15.21.5,5/11,,5/21,10,10,,5/26,15,33.3,,6/3,23,147.8,N,,,,,,,6/3,23,pupa int,
277,15,21,5,277.15.21.5,5/11,,5/21,10,9,,5/26,15,55.2,,6/1,21,202.3,N,,,,,,,6/1,21,pupa int,
278,15,21,5,278.15.21.5,5/11,,5/21,10,12,,5/24,13,36.4,,5/30,19,191.7,N,,,,,,,5/30,19,pupa int,
283,12,26,5,283.12.26.5,5/15/22,,5/22,7,26.1,,5/24,9,60.2,,5/28,13,195.8,N,,,,,,,5/28,13,pupa int,
286,12,26,5,286.12.26.5,5/15/22,,5/22,7,28.5,,5/23,8,34,,5/28,13,187,N,,,,,,,5/28,13,pupa int,
287,M1,26,5,287.M1.26.5,5/14,,,,,,5/22,8,48.24,,5/27,13,214.2,N,,,,,,,5/27,13,pupa int,Missed 4th?
289,M3,26,5,289.M3.26.5,5/14,,,,,,5/22,8,47.85,,5/26,12,187.8,N,,,,,,,5/26,12,pupa int,Missed 4th?
290,m1,26,5,290.m1.26.5,5/14,,,,,,5/22,8,43.4,,5/26,12,162.7,N,,,,,,,5/26,12,pupa int,Missed 4th?
293,12,26,5,293.12.26.5,5/15,,5/22,7,16.52,,5/24,9,37.6,,5/31,16,209.2,N,,,,,,,5/31,16,pupa int,
300,m1,21,5,300.m1.21.5,5/14,,5/22,8,7.5,,5/27,13,38.7,,6/3,20,173.5,N,,,,,,,6/3,20,pupa int,
304,8,21,5,304.8.21.5,5/11,,5/22,11,7.08,,5/27,16,44.6,,6/4,24,231.2,N,,,,,,,6/4,24,pupa int,
306,12,34,5,306.12.34.5,5/14,,5/23,9,10.9,,5/27,13,61.3,,6/1,18,129.3,N,,,,,,,6/1,18,pupa int,
312,8,21,5,312.8.21.5,5/13,,5/23,10,9.9,,5/27,14,39.3,,6/4,22,212.7,N,,,,,,,6/4,22,pupa int,
315,8,21,5,315.8.21.5,5/11,,5/23,12,13.2,,5/27,16,58.2,,6/4,24,262.9,N,,,,,,,6/4,24,pupa int,
316,M1,21,5,316.M1.21.5,5/14,,5/24,10,10.6,,5/28,14,50.5,,6/4,21,180.1,N,,,,,,,6/4,21,pupa int,
317,M1,21,5,317.M1.21.5,5/14,,5/24,10,9.9,,5/27,13,30.4,,6/2,19,146.2,N,,,,,,,6/2,19,pupa int,
319,M1,21,5,319.M1.21.5,5/14,,5/24,10,9.9,,5/28,14,28.6,,6/5,22,147.2,N,,,,,,,6/5,22,pupa int,
321,M1,21,5,321.M1.21.5,5/13,,5/24,11,6.9,,5/29,16,45.4,,6/6,24,234,N,,,,,,,6/6,24,pupa int,
324,M1,21,5,324.M1.21.5,5/14,,5/25,11,8.2,,5/30,16,48.7,,6/6,23,164.4,N,,,,,,,6/6,23,pupa int,
325,M1,21,5,325.M1.21.5,5/14,,5/25,11,6.5,,5/30,16,58.3,,6/5,22,192.2,N,,,,,,,6/5,22,pupa int,
326,M1,21,5,326.M1.21.5,5/15,,5/25,10,10,,5/30,15,36.8,,6/7,23,212.1,N,,,,,,,6/7,23,pupa int,
327,M1,21,5,327.M1.21.5,5/15,,5/25,10,8.3,,5/29,14,43,,6/5,21,226,N,,,,,,,6/5,21,pupa int,
328,M1,21,5,328.M1.21.5,5/13,,5/25,12,10.8,,5/29,16,38,,6/5,23,201.6,N,,,,,,,6/5,23,pupa int,
330,M1,21,5,330.M1.21.5,5/14,,5/25,11,13.4,,5/29,15,46.4,,6/7,24,276,N,,,,,,,6/7,24,pupa int,
331,M1,21,5,331.M1.21.5,5/14,,5/25,11,14.8,,5/28,14,40.5,,6/5,22,210.3,N,,,,,,,6/5,22,pupa int,
332,15,16,5,332.15.16.5,5/13,,5/25,12,6.4,,6/2,20,41.7,,6/15,33,216,N,,,,,,,6/15,33,pupa int,
335,8,16,5,335.8.16.5,5/12,,5/26,14,13.4,,6/1,20,42,,6/15,34,200.5,N,,,,,,,6/15,34,pupa int,
336,3,21,5,336.3.21.5,5/15,,5/26,11,13.3,,5/30,15,44.2,,6/6,22,212.7,N,,,,,,,6/6,22,pupa int,
337,3,21,5,337.3.21.5,5/15,,5/26,11,6.5,,6/1,17,44.7,,6/9,25,196.3,N,,,,,,,6/9,25,pupa int,
338,3,21,5,338.3.21.5,5/15,,5/26,11,10.6,,5/30,15,44.9,,6/5,21,210.7,N,,,,,,,6/5,21,pupa int,
339,M1,21,5,339.M1.21.5,5/15,,5/26,11,11.3,,5/29,14,30.5,,6/5,21,158.6,N,,,,,,,6/5,21,pupa int,
340,M1,21,5,340.M1.21.5,5/14,,5/26,12,12.4,,5/30,16,43.3,,6/8,25,238.4,N,,,,,,,6/8,25,pupa int,
341,15,16,5,341.15.16.5,5/12,,5/27,15,8.9,,6/3,22,31.1,,6/15,34,180.2,N,,,,,,,6/15,34,pupa int,
342,M1,16,5,342.M1.16.5,5/14,,5/27,13,10.1,,6/3,20,38.4,,6/18,35,132.1,N,,,,,,,6/18,35,pupa int,
343,15,16,5,343.15.16.5,5/12,,5/27,15,12.8,,6/2,21,44.9,,6/14,33,218.6,N,,,,,,,6/14,33,pupa int,
346,M1,16,5,346.M1.16.5,5/14,,5/27,13,8.1,,6/3,20,26.7,,6/15,32,152.2,N,,,,,,,6/15,32,pupa int,
347,M1,16,5,347.M1.16.5,5/14,,5/27,13,9.1,,6/2,19,41.2,,6/13,30,158.5,N,,,,,,,6/13,30,pupa int,
348,3,21,5,348.3.21.5,5/15,,5/27,12,7.1,,6/1,17,39.5,,6/10,26,183.1,N,,,,,,,6/10,26,pupa int,
349,3,21,5,349.3.21.5,5/15,,5/27,12,8.3,,6/1,17,49,,6/9,25,216.9,N,,,,,,,6/9,25,pupa int,
352,M1,16,5,352.M1.16.5,5/14,,5/28,14,9,,6/5,22,41.5,,6/17,34,195.9,N,,,,,,,6/17,34,pupa int,
353,8,16,5,353.8.16.5,5/12,,5/28,16,12.2,,6/3,22,36.3,,6/15,34,212.5,N,,,,,,,6/15,34,pupa int,
354,8,16,5,354.8.16.5,5/12,,5/28,16,12,,6/3,22,51.5,,6/13,32,256.3,N,,,,,,,6/13,32,pupa int,
355,M1,16,5,355.M1.16.5,5/13,,5/28,15,8.7,,6/5,23,31.3,,6/20,38,221.5,N,,,,,,,6/20,38,pupa int,
357,15,16,5,357.15.16.5,5/12,,5/28,16,7.1,,6/4,23,34.4,,6/15,34,210.4,N,,,,,,,6/15,34,pupa int,
359,3,16,5,359.3.16.5,5/12,,5/28,16,9.6,,6/4,23,40.9,,6/23,42,174,N,,,,,,,6/23,42,pupa int,
360,3,16,5,360.3.16.5,5/12,,5/28,16,7.9,,6/5,24,41.2,,6/19,38,225.3,N,,,,,,,6/19,38,pupa int,
361,M1,16,5,361.M1.16.5,5/14,,5/28,14,7.1,,6/5,22,33.7,,6/19,36,166.9,N,,,,,,,6/19,36,pupa int,
363,8,16,5,363.8.16.5,5/11,,5/29,18,7.5,,6/6,26,33,,6/18,38,198.6,N,,,,,,,6/18,38,pupa int,
364,M1,16,5,364.M1.16.5,5/13,,5/29,16,10.1,,6/5,23,41.2,,6/18,36,224.5,N,,,,,,,6/18,36,pupa int,
366,15,16,5,366.15.16.5,5/13,,5/29,16,7.9,,6/6,24,40.8,,6/19,37,215.8,N,,,,,,,6/19,37,pupa int,
367,8,16,5,367.8.16.5,5/12,,5/30,18,12.1,,6/5,24,37.2,,6/16,35,220.7,N,,,,,,,6/16,35,pupa int,
368,8,16,5,368.8.16.5,5/12,,5/30,18,9.6,,6/7,26,37.7,,6/19,38,237.6,N,,,,,,,6/19,38,pupa int,
369,15,16,5,369.15.16.5,5/12,,5/31,19,8.3,,6/7,26,38.7,,6/18,37,239.3,N,,,,,,,6/18,37,pupa int,
371,3,16,5,371.3.16.5,5/14,,5/31,17,8.3,,6/7,24,36.8,,6/21,38,234.7,N,,,,,,,6/21,38,pupa int,
372,3,16,5,372.3.16.5,5/14,,5/31,17,11,,6/6,23,45.1,,6/19,36,275,N,,,,,,,6/19,36,pupa int,
373,15,16,5,373.15.16.5,5/12,,5/31,19,12.3,,6/6,25,39.8,,6/18,37,188.5,N,,,,,,,6/18,37,pupa int,
375,M1,16,5,375.M1.16.5,5/14,,5/31,17,10.4,,6/6,23,31.6,,6/18,35,202.1,N,,,,,,,6/18,35,pupa int,
376,3,16,5,376.3.16.5,5/15,,5/31,16,9.5,,6/7,23,44,,6/19,35,261.2,N,,,,,,,6/19,35,pupa int,
382,M1,16,5,382.M1.16.5,5/14,,6/1,18,7,,6/9,26,31.5,,6/23,40,188.8,N,,,,,,,6/23,40,pupa int,
385,3,16,5,385.3.16.5,5/15,,6/4,20,8.7,,6/12,28,34.5,,6/25,41,205.2,N,,,,,,,6/25,41,pupa int,
70,15,30,5,70.15.30.5,5/9,,5/14,5,18.1,,5/16,7,54.7,,5/19,10,174.9,Y,,,,,,,5/30,21,pupa,
73,8,30,5,73.8.30.5,5/9,,5/14,5,27.7,,5/15,6,45.2,,5/19,10,234.7,Y,,,,,,,5/29,20,pupa,
75,8,30,5,75.8.30.5,5/9,,5/14,5,18.6,,5/16,7,96.2,,5/19,10,178.9,Y,,,,,,,5/30,21,pupa,
88,8,26,5,88.8.26.5,5/9,,5/14,5,8.7,,5/16,7,34.1,,5/21,12,226.28,Y,,,,,,,5/29,20,pupa,
93,8,26,5,93.8.26.5,5/9,,5/15,6,13.5,,5/17,8,49.3,,5/21,12,157.1,Y,,,,,,,5/31,22,pupa,
100,24,30,5,100.24.30.5,5/10,,5/15,5,14.3,,5/17,7,74.7,,5/20,10,201.1,Y,,,,,,,5/29,19,pupa,
101,24,30,5,101.24.30.5,5/10,,5/15,5,7.6,,5/17,7,45.2,,5/20,10,167.1,Y,,,,,,,6/11,32,pupa,
102,24,30,5,102.24.30.5,5/10,,5/15,5,10.5,,5/17,7,63.1,,5/20,10,193.7,Y,,,,,,,5/30,20,pupa,
111,15,30,5,111.15.30.5,5/9,,5/15,6,14.5,,5/17,8,63.8,,5/20,11,177.8,Y,,,,,,,5/29,20,pupa,spent 5/13 in 26 chamber
129,24,26,5,129.24.26.5,5/10,,5/16,6,11.4,,5/18,8,63.2,,5/21,11,164.8,Y,,,,,,,5/29,19,pupa,
132,8,26,5,132.8.26.5,5/10,,5/16,6,21.8,,5/18,8,96.2,,5/21,11,234.02,Y,,,,,,,5/29,19,pupa,
153,24,26,5,153.24.26.5,5/10,,5/17,7,13.9,,5/19,9,68.8,,5/22,12,195.1,Y,,,,,,,5/29,19,pupa,
154,M1,26,5,154.M1.26.5,5/11,,5/17,6,8.4,,5/19,8,45.7,,5/22,11,163.3,Y,,,,,,,5/29,18,pupa,
156,8,26,5,156.8.26.5,5/11,,5/17,6,14.3,,5/19,8,67.8,,5/22,11,181.6,Y,,,,,,,5/30,19,pupa,
160,8,26,5,160.8.26.5,5/11,,5/17,6,12.3,,5/19,8,51.9,,5/22,11,195.9,Y,,,,,,,5/30,19,pupa,
164,12,34,5,164.12.34.5,5/11,,5/17,6,11.2,,5/20,9,44.5,,5/25,14,124.6,Y,,,,,,,6/5,25,pupa,
166,12,34,5,166.12.34.5,5/10,,5/17,7,9.2,,5/20,10,40.4,,5/25,15,112.1,Y,,,,,,,6/1,22,pupa,
167,15,34,5,167.15.34.5,5/11,,5/17,6,5.9,,5/20,9,37.3,,5/25,14,105.2,Y,,,,,,,6/8,28,pupa,
176,3,30,5,176.3.30.5,5/11,,5/17,6,26.4,,5/19,8,132.3,,5/22,11,242.8,Y,,,,,,,5/30,19,pupa,Spent 5/13 in 26 chamber
184,M1,30,5,184.M1.30.5,5/13,,5/18,5,12.5,,5/20,7,54.8,,5/24,11,182.9,Y,,,,,,,6/5,23,pupa,
195,8,21,5,195.8.21.5,5/9,,5/18,9,11.4,,5/21,12,37.9,,5/29,20,177.6,Y,,,,,,,6/7,29,pupa,
196,8,21,5,196.8.21.5,5/9,,5/18,9,11.1,,5/21,12,38.9,,5/29,20,174.8,Y,,,,,,,6/7,29,pupa,
199,15,34,5,199.15.34.5,5/11,,5/18,7,12.4,,5/20,9,44.4,,5/26,15,142.7,Y,,,,,,,6/10,30,pupa,
201,12,34,5,201.12.34.5,5/11,,5/18,7,17.7,,5/20,9,47.4,,5/25,14,138.4,Y,,,,,,,6/10,30,pupa,
211,12,34,5,211.12.34.5,5/14,,5/19,5,8.7,,5/22,8,35.68,,5/27,13,129,Y,,,,,,,6/5,22,pupa,
212,3,34,5,212.3.34.5,5/11,,5/19,8,14.3,,5/22,11,46.61,,5/27,16,142.8,Y,,,,,,,6/9,29,pupa,
219,12,30,5,219.12.30.5,5/14,,5/19,5,7.8,,5/21,7,40.3,,5/26,12,199.9,Y,,,,,,,6/5,22,pupa,
220,12,30,5,220.12.30.5,5/14,,5/19,5,11.6,,5/21,7,37.1,,5/26,12,166.4,Y,,,,,,,6/5,22,pupa,
223,M1,30,5,223.M1.30.5,5/13,,5/19,6,8.8,,5/21,8,60.9,,5/24,11,176.9,Y,,,,,,,6/5,23,pupa,
228,M1,30,5,228.M1.30.5,5/14,,5/19,5,14.2,,5/21,7,70.3,,5/24,10,146.3,Y,,,,,,,5/30,16,pupa,
229,M1,30,5,229.M1.30.5,5/14,,5/19,5,25,,5/20,6,51.3,,5/23,9,165.5,Y,,,,,,,6/1,18,pupa,
231,8,21,5,231.8.21.5,5/9,,5/19,10,12.9,,5/22,13,37.5,,5/30,21,170.3,Y,,,,,,,6/5,27,pupa,
234,M1,30,5,234.M1.30.5,5/14,,5/20,6,10.6,,5/22,8,54.34,,5/26,12,176.1,Y,,,,,,,6/5,22,pupa,
237,12,30,5,237.12.30.5,5/14,,5/20,6,14.3,,5/22,8,47.52,,5/27,13,195.2,Y,,,,,,,6/11,28,pupa,
238,12,30,5,238.12.30.5,5/14,,5/20,6,10.1,,5/22,8,46.07,,5/27,13,184.9,Y,,,,,,,6/5,22,pupa,
241,M1,30,5,241.M1.30.5,5/14,,5/20,6,18.8,,5/22,8,78.95,,5/25,11,180.7,Y,,,,,,,6/5,22,pupa,
242,M1,30,5,242.M1.30.5,5/14,,5/20,6,16.1,,5/22,8,48,,5/26,12,154.7,Y,,,,,,,6/5,22,pupa,
243,M1,30,5,243.M1.30.5,5/14,,5/20,6,16.4,,5/22,8,73.9,,5/26,12,190.9,Y,,,,,,,6/5,22,pupa,
244,M1,30,5,244.M1.30.5,5/14,,5/20,6,13.9,,5/22,8,52.81,,5/26,12,179.2,Y,,,,,,,6/5,22,pupa,
248,12,34,5,248.12.34.5,5/14,,5/20,6,13.9,,5/24,10,54.6,,5/28,14,125.8,Y,,,,,,,6/5,22,pupa,
249,12,34,5,249.12.34.5,5/14,,5/20,6,16.6,,5/23,9,44,,5/28,14,113.5,Y,,,,,,,6/8,25,pupa,
250,12,34,5,250.12.34.5,5/14,,5/20,6,15.4,,5/22,8,33.4,,5/27,13,106.3,Y,,,,,,,6/4,21,pupa,
262,3,34,5,262.3.34.5,5/14,,5/21,7,10.1,,5/24,10,57.1,,5/28,14,167.1,Y,,,,,,,6/8,25,pupa,
263,3,34,5,263.3.34.5,5/14,,5/21,7,12.9,,5/23,9,39.8,,5/28,14,144.3,Y,,,,,,,6/5,22,pupa,
264,M1,34,5,264.M1.34.5,5/14,,5/21,7,14.9,,5/24,10,53,,5/28,14,147.8,Y,,,,,,,6/8,25,pupa,
288,M2,26,5,288.M2.26.5,5/14,,,,,,5/22,8,52.59,,5/26,12,172.8,Y,,,,,,,6/2,19,pupa,Missed 4th?
301,m1,21,5,301.m1.21.5,5/14,,5/22,8,5.5,,5/26,12,31.7,,6/2,19,160.6,Y,,,,,,,7/2,,pupa,
379,3,16,5,379.3.16.5,5/15,,6/1,17,6.9,,6/9,25,53.8,,6/22,38,211.6,Y,,,,,,,7/3,49,pupa,
71,15,30,5,71.15.30.5,5/9,,5/14,5,22,,5/16,7,100.2,,5/19,10,202.8,Y,,5/26,17,Y,F,88.2,,,adult,
72,15,30,5,72.15.30.5,5/9,,5/14,5,12.9,,5/16,7,56.3,,5/20,11,246.5,Y,,5/27,18,Y,M,124.4,,,adult,
74,8,30,5,74.8.30.5,5/9,,5/14,5,15.5,,5/16,7,89.9,,5/19,10,182.9,Y,,5/25,16,N,M,78.6,,,adult,Deformed adult
76,15,30,5,76.15.30.5,5/9,,5/14,5,11.8,,5/16,7,49.2,,5/19,10,175.4,Y,,5/25,16,Y,F,79.6,,,adult,
78,8,30,5,78.8.30.5,5/9,,5/14,5,8.7,,5/16,7,47.2,,5/20,11,196.6,Y,,5/27,18,N,F,107.8,,,adult,deformed adult
79,8,30,5,79.8.30.5,5/9,,5/14,5,12.2,,5/16,7,44.9,,5/20,11,209.6,Y,,5/27,18,Y,M,104.5,,,adult,
89,15,26,5,89.15.26.5,5/9,,5/14,5,8,,5/16,7,38.4,,5/21,12,202.3,Y,,5/27,18,Y,F,138.3,,,adult,
90,8,26,5,90.8.26.5,5/9,,5/15,6,9.1,,5/17,8,43.9,,5/21,12,215.4,Y,,5/28,19,Y,M,99.8,,,adult,
92,8,26,5,92.8.26.5,5/9,,5/15,6,14.8,,5/17,8,66.5,,5/21,12,205.41,Y,,5/27,18,Y,M,106.7,,,adult,
95,15,26,5,95.15.26.5,5/9,,5/15,6,20.1,,5/17,8,68.5,,5/21,12,214,Y,,5/27,18,Y,M,98.2,,,adult,
96,15,26,5,96.15.26.5,5/9,,5/15,6,10.5,,5/17,8,42.8,,5/21,12,218.9,Y,,5/28,19,Y,F,105.8,,,adult,
98,8,26,5,98.8.26.5,5/9,,5/15,6,12.1,,5/17,8,43.1,,5/21,12,205.5,Y,,5/28,19,Y,M,96.7,,,adult,
103,15,30,5,103.15.30.5,5/10,,5/15,5,10.5,,5/17,7,65.4,,5/20,10,185.4,Y,,5/26,16,Y,F,122.5,,,adult,
104,15,30,5,104.15.30.5,5/10,,5/15,5,12.1,,5/17,7,57.2,,5/20,10,165.4,Y,,5/27,17,Y,F,74.8,,,adult,
105,8,30,5,105.8.30.5,5/9,,5/15,6,16.4,,5/17,8,64.4,,5/20,11,198.6,Y,,5/27,18,Y,F,100.7,,,adult,
108,15,30,5,108.15.30.5,5/10,,5/15,5,9.2,,5/17,7,48.7,,5/20,10,195.3,Y,,5/26,16,Y,F,87,,,adult,spent 5/13 in 26 chamber
109,15,30,5,109.15.30.5,5/10,,5/15,5,6.7,,5/18,8,93.2,,5/21,11,190,Y,,5/27,17,Y,F,105.9,,,adult,spent 5/13 in 26 chamber
110,8,30,5,110.8.30.5,5/9,,5/15,6,17.5,,5/17,8,113.6,,5/20,11,209.1,Y,,5/26,17,N,M,171.4,,,adult,deformed adult
112,15,30,5,112.15.30.5,5/9,,5/15,6,14.8,,5/17,8,92.1,,5/20,11,207.4,Y,,5/26,17,Y,M,104.5,,,adult,spent 5/13 in 26 chamber
113,15,30,5,113.15.30.5,5/10,,5/15,5,9.2,,5/17,7,45.1,,5/20,10,162.3,Y,,5/27,17,Y,F,78.6,,,adult,spent 5/13 in 26 chamber
116,15,30,5,116.15.30.5,5/11,,5/15,4,10.8,,5/17,6,49.5,,5/20,9,175.6,Y,,5/26,15,N,M,102.7,,,adult,deformed adult
124,15,26,5,124.15.26.5,5/9,,5/16,7,15.6,,5/18,9,69.8,,5/21,12,199.57,Y,,5/28,19,Y,M,85.9,,,adult,
126,8,26,5,126.8.26.5,5/9,,5/16,7,13.7,,5/18,9,51.7,,5/22,13,232.9,Y,,5/29,20,Y,,127,,,adult,
127,8,26,5,127.8.26.5,5/11,,5/16,5,21.2,,5/18,7,92.3,,5/21,10,209.78,Y,,5/28,17,Y,M,91.7,,,adult,
130,15,26,5,130.15.26.5,5/10,,5/16,6,10.7,,5/18,8,56.7,,5/22,12,274.7,Y,,5/29,19,N,M,202.1,,,adult,deformed adult
131,15,26,5,131.15.26.5,5/10,,5/16,6,8.5,,5/18,8,37.4,,5/22,12,230.6,Y,,5/29,19,Y,F,108.5,,,adult,
133,8,26,5,133.8.26.5,5/10,,5/16,6,20.4,,5/18,8,88.7,,5/21,11,215.92,Y,,5/28,18,N,F,141.1,,,adult,deformed adult
134,15,26,5,134.15.26.5,5/9,,5/16,7,22.5,,5/18,9,108.4,,5/21,12,227.08,Y,,5/28,19,Y,M,102.5,,,adult,
135,15,26,5,135.15.26.5,5/9,,5/16,7,15.8,,5/18,9,49.3,,5/21,12,196.6,Y,,5/28,19,Y,M,82.5,,,adult,
136,8,26,5,136.8.26.5,5/9,,5/16,7,8.3,,5/18,9,37.8,,5/22,13,215.7,Y,,5/29,20,N,M,137.2,,,adult,deformed adult
137,8,26,5,137.8.26.5,5/9,,5/16,7,9.8,,5/18,9,43.9,,5/22,13,216.7,Y,,5/29,20,N,F,103.7,,,adult,deformed adult
139,3,30,5,139.3.30.5,5/11,,5/16,5,11.1,,5/18,7,58.3,,5/21,10,196.5,Y,,5/28,17,N,F,205.3,,,adult,Spent 5/13 in 26 chamber; deformed adult/didn't eclose properly
140,3,30,5,140.3.30.5,5/10,,5/16,6,14.7,,5/18,8,62.7,,5/21,11,177,Y,,5/27,17,Y,F,85.2,,,adult,Spent 5/13 in 26 chamber
142,15,30,5,142.15.30.5,5/10,,5/16,6,26.4,,5/17,7,45.8,,5/20,10,179.2,Y,,5/26,16,N,M,119.6,,,adult,Spent 5/13 in 26 chamber; deformed adult
146,8,30,5,146.8.30.5,5/11,,5/16,5,12.2,,5/18,7,64.4,,5/21,10,211.1,Y,,5/27,16,N,F,154.3,,,adult,deformed adult
152,3,26,5,152.3.26.5,5/11,,5/17,6,10,,5/19,8,50.9,,5/22,11,186.5,Y,,5/29,18,Y,M,123.3,,,adult,
157,8,26,5,157.8.26.5,5/11,,5/17,6,10.6,,5/19,8,47.9,,5/23,12,260.6,Y,,6/2,22,N,M,160.5,,,adult,deformed adult
159,15,26,5,159.15.26.5,5/10,,5/17,7,12.4,,5/19,9,47.5,,5/23,13,264.9,Y,,5/30,20,Y,F,147,,,adult,
161,15,26,5,161.15.26.5,5/10,,5/17,7,7.9,,5/19,9,34.5,,5/23,13,185.3,Y,,5/30,20,Y,F,106.9,,,adult,
180,15,30,5,180.15.30.5,5/11,,5/17,6,27.6,,5/18,7,39.3,,5/22,11,218.6,Y,,5/29,18,N,F,176.2,,,adult,deformed adult
182,M1,30,5,182.M1.30.5,5/13,,5/18,5,14.9,,5/20,7,78.1,,5/23,10,195.2,Y,,5/29,16,Y,M,92.1,,,adult,
183,M1,30,5,183.M1.30.5,5/13,,5/18,5,14.3,,5/20,7,74.2,,5/23,10,182.5,Y,,6/5,23,N,M,57.1,,,adult,deformed adult
186,15,26,5,186.15.26.5,5/9,,5/18,9,13.3,,5/21,12,29.8,,5/27,18,97.1,Y,,6/3,25,Y,M,59.8,,,adult,
188,8,26,5,188.8.26.5,5/11,,5/18,7,12.1,,5/21,10,114.1,,5/24,13,195,Y,,5/31,20,N,M,101.4,,,adult,deformed adult
222,12,30,5,222.12.30.5,5/14,,5/19,5,32.8,,5/20,6,51.8,,5/24,10,227.9,Y,,6/5,22,N,F,64.6,,,adult,deformed adult
226,M1,30,5,226.M1.30.5,5/14,,5/19,5,18.5,,5/21,7,85.8,,5/24,10,179.6,Y,,6/5,22,N,,32.5,,,adult,deformed adult
240,M1,30,5,240.M1.30.5,5/14,,5/20,6,34.6,,5/21,7,57.6,,5/24,10,160.9,Y,,5/31,17,Y,F,81,,,adult,
267,24,26,5,267.24.26.5,5/15,,5/21,6,25.9,,5/23,8,69.8,,5/27,12,213.8,Y,,6/3,19,N,M,106.4,,,adult,deformed adult
272,M1,26,5,272.M1.26.5,5/14,,5/21,7,33.1,,5/23,9,169.1,,5/25,11,198.5,Y,,6/1,18,N,F,112.5,,,adult,Missed 5th or 4th?; deformed adult
114,8,30,5,114.8.30.5,5/9,,5/15,6,9.3,,5/18,9,49.1,,,,,,,,,,,,5/22,13,5,problems molting to 5th
144,12,30,5,144.12.30.5,5/10,,5/16,6,11.4,,5/18,8,37.4,,,,,,,,,,,,5/23,13,5,
165,8,34,5,165.8.34.5,5/9,,5/17,8,15.5,,5/21,12,66,,,,,,,,,,,,5/24,15,5,
171,8,34,5,171.8.34.5,5/9,,5/17,8,11.4,,5/20,11,52.5,,,,,,,,,,,,5/27,18,5,
198,15,34,5,198.15.34.5,5/10,,5/18,8,11.4,,5/21,11,43.6,,,,,,,,,,,,5/24,14,5,
200,15,34,5,200.15.34.5,5/11,,5/18,7,11.4,,5/21,10,34,,,,,,,,,,,,5/29,18,5,
205,8,34,5,205.8.34.5,5/11,,5/18,7,10.4,,5/21,10,39.5,,,,,,,,,,,,6/2,22,5,
213,8,34,5,213.8.34.5,5/11,,5/19,8,9.6,,5/23,12,34.4,,,,,,,,,,,,5/28,17,5,
216,15,34,5,216.15.34.5,5/9,,5/19,10,10.3,,5/22,13,37.4,,,,,,,,,,,,5/28,19,5,
247,12,34,5,247.12.34.5,5/14,,5/20,6,14.6,,5/25,11,37.9,,,,,,,,,,,,5/31,17,5,
251,M1,34,5,251.M1.34.5,5/14,,5/20,6,17.3,,5/24,10,57.4,,,,,,,,,,,,6/4,21,5,
252,24,34,5,252.24.34.5,5/11,,5/20,9,4.6,,5/26,15,29.3,,,,,,,,,,,,6/5,25,5,
255,M1,34,5,255.M1.34.5,5/13,,5/20,7,14.8,,5/25,12,54,,,,,,,,,,,,5/28,15,5,
282,12,26,5,282.12.26.5,5/15,,5/22,7,19.63,,5/26,11,58.9,,,,,,,,,,,,6/3,19,5,
284,12,26,5,284.12.26.5,5/15/22,,5/22,7,27,,5/24,9,49.5,,,,,,,,,,,,5/31,16,5,
285,12,26,5,285.12.26.5,5/15/22,,5/22,7,24.7,,5/24,9,48.3,,,,,,,,,,,,6/1,17,5,
302,8,21,5,302.8.21.5,5/13,,5/22,9,12.17,,5/26,13,51.9,,,,,,,,,,,,6/2,20,5,
303,m1,21,5,303.m1.21.5,5/14/22,,5/22,8,7.9,,5/26,12,38.7,,,,,,,,,,,,6/2,19,5,
307,M1,21,5,307.M1.21.5,5/14,,5/23,9,8.3,,5/28,14,39.2,,,,,,,,,,,,6/4,21,5,
308,12,21,5,308.12.21.5,5/14,,5/23,9,9.6,,5/29,15,46.6,,,,,,,,,,,,6/18,35,5,
309,12,21,5,309.12.21.5,5/14,,5/23,9,10,,5/29,15,47.7,,,,,,,,,,,,6/21,38,5,diseased
310,M1,21,5,310.M1.21.5,5/13,,5/23,10,5.6,,5/27,14,32.7,,,,,,,,,,,,6/4,22,5,
311,M1,21,5,311.M1.21.5,5/13,,5/23,10,6.2,,5/27,14,45.1,,,,,,,,,,,,6/1,19,5,
313,M1,21,5,313.M1.21.5,5/14,,5/23,9,8.1,,5/27,13,38,,,,,,,,,,,,6/4,21,5,
314,M1,21,5,314.M1.21.5,5/15,,5/23,8,6.4,,5/28,13,39.3,,,,,,,,,,,,6/4,20,5,
318,12,21,5,318.12.21.5,5/14,,5/24,10,6.7,,5/31,17,48,,,,,,,,,,,,6/21,38,5,diseased
329,M1,21,5,329.M1.21.5,5/14,,5/25,11,9.7,,5/31,17,53.9,,,,,,,,,,,,6/18,35,5,
333,8,16,5,333.8.16.5,5/11,,5/26,15,8.5,,6/3,23,43.4,,,,,,,,,,,,6/21,41,5,
334,3,16,5,334.3.16.5,5/12,,5/26,14,10.1,,6/1,20,35.7,,,,,,,,,,,,6/12,31,5,
344,8,16,5,344.8.16.5,5/12,,5/27,15,10,,6/3,22,40.8,,,,,,,,,,,,6/12,31,5,
350,M1,16,5,350.M1.16.5,5/14,,5/28,14,6.3,,6/5,22,33.2,,,,,,,,,,,,6/17,34,5,
356,M1,16,5,356.M1.16.5,5/13,,5/28,15,9,,6/4,22,38,,,,,,,,,,,,6/14,32,5,
358,M1,16,5,358.M1.16.5,5/14,,5/28,14,8.9,,6/5,22,36.3,,,,,,,,,,,,6/17,34,5,
365,3,16,5,365.3.16.5,5/14,,5/29,15,8.1,,6/5,22,48.7,,,,,,,,,,,,6/14,31,5,
370,12,16,5,370.12.16.5,5/15,,5/31,16,9.7,,6/10,26,50.4,,,,,,,,,,,,7/5,51,5,
374,12,16,5,374.12.16.5,5/13,,5/31,18,11.1,,6/12,30,35.7,,,,,,,,,,,,6/27,45,5,
377,3,16,5,377.3.16.5,5/15,,5/31,16,12.5,,6/6,22,39.2,,,,,,,,,,,,6/17,33,5,
380,M1,16,5,380.M1.16.5,5/14,,6/1,18,7.6,,6/8,25,35.9,,,,,,,,,,,,6/23,40,5,
381,M1,16,5,381.M1.16.5,5/14,,6/1,18,9.7,,6/8,25,50.4,,,,,,,,,,,,6/21,38,5,
383,M1,16,5,383.M1.16.5,5/14,,6/2,19,9.2,,6/8,25,43.5,,,,,,,,,,,,6/20,37,5,
386,M1,16,5,386.M1.16.5,5/14,,6/5,22,7.7,,6/14,31,32.6,,,,,,,,,,,,7/4,51,5,
387,12,16,5,387.12.16.5,5/15,,6/6,22,9.5,,6/16,32,44.7,,,,,,,,,,,,7/3,49,5,
178,15,30,5,178.15.30.5,5/11,,5/17,6,9.5,,,,,,,,,,,,,,,,5/22,11,4,
207,3,34,5,207.3.34.5,5/11,,5/18,7,14.7,,,,,,,,,,,,,,,,5/25,14,4,problems molting to 5th
245,M1,34,5,245.M1.34.5,5/14,,5/20,6,6.8,,,,,,,,,,,,,,,,5/29,15,4,
246,15,34,5,246.15.34.5,5/14,,5/20,6,31.1,,,,,,,,,,,,,,,,5/24,10,4,
254,M1,34,5,254.M1.34.5,5/13,,5/20,7,12.4,,,,,,,,,,,,,,,,5/24,11,4,
261,M1,34,5,261.M1.34.5,5/14,,5/21,7,13.8,,,,,,,,,,,,,,,,6/4,21,4,
296,M1,34,5,296.M1.34.5,5/14,,5/22,8,8.09,,,,,,,,,,,,,,,,5/24,10,4,
297,m1,34,5,297.m1.34.5,5/14,,5/22,8,6.6,,,,,,,,,,,,,,,,5/25,11,4,
298,m1,34,5,298.m1.34.5,5/14,,5/22,8,7.4,,,,,,,,,,,,,,,,5/31,17,4,
299,m1,34,5,299.m1.34.5,5/14,,5/22,8,7.5,,,,,,,,,,,,,,,,5/31,17,4,
305,M1,34,5,305.M1.34.5,5/14,,5/23,9,8.8,,,,,,,,,,,,,,,,5/31,17,4,
320,M1,21,5,320.M1.21.5,5/14,,5/24,10,8.4,,,,,,,,,,,,,,,,5/25,11,4,
323,M1,34,5,323.M1.34.5,5/14,,5/24,10,7.3,,,,,,,,,,,,,,,,5/27,13,4,
362,12,21,5,362.12.21.5,5/14,,5/28,14,6.4,,,,,,,,,,,,,,,,6/21,38,4,diseased
378,M1,16,5,378.M1.16.5,5/13,,6/1,19,5.3,,,,,,,,,,,,,,,,6/7,25,4,
189,8,26,5,189.8.26.5,5/11,,,,,,,,,,,,,,,,,,,,5/18,7,3,problems molting
208,12,34,5,208.12.34.5,5/11,,,,,,,,,,,,,,,,,,,,5/18,7,3,
294,m1,34,5,294.m1.34.5,5/14,,,,,,,,,,,,,,,,,,,,5/22,8,3,
384,M1,16,5,384.M1.16.5,5/14,,,,,,,,,,,,,,,,,,,,6/3,20,3,
388,M1,16,5,388.M1.16.5,5/14,,,,,,,,,,,,,,,,,,,,6/13,30,3,
77,15,30,5,77.15.30.5,5/9,,,,,,,,,,,,,,,,,,,,5/14,5,2,
172,15,34,5,172.15.34.5,5/9,,,,,,,,,,,,,,,,,,,,5/17,8,2,
173,15,34,5,173.15.34.5,5/9,,,,,,,,,,,,,,,,,,,,5/17,8,2,
181,M1,30,5,181.M1.30.5,5/13,,,,,,,,,,,,,,,,,,,,5/17,4,2,
191,24,26,5,191.24.26.5,5/10,,,,,,,,,,,,,,,,,,,,5/18,8,2,
202,M1,34,5,202.M1.34.5,5/14,,,,,,,,,,,,,,,,,,,,5/18,4,2,
206,3,34,5,206.3.34.5,5/11,,,,,,,,,,,,,,,,,,,,5/18,7,2,
295,M1,34,5,295.M1.34.5,5/14,,,,,,,,,,,,,,,,,,,,5/22,8,2,
322,8,16,5,322.8.16.5,5/12,,,,,,,,,,,,,,,,,,,,5/24,12,2,
345,24,16,5,345.24.16.5,5/14,,,,,,,,,,,,,,,,,,,,5/27,13,2,
351,M1,16,5,351.M1.16.5,5/14,,,,,,,,,,,,,,,,,,,,5/28,14,2,
1,15,26,5,1.15.26.5,5/10,,,,,,,,,,,,,,,,,,,,5/11,1,1,
2,15,26,5,2.15.26.5,5/10,,,,,,,,,,,,,,,,,,,,5/11,1,1,
3,12,26,5,3.12.26.5,5/10,,,,,,,,,,,,,,,,,,,,5/11,1,1,
4,15,26,5,4.15.26.5,5/10,,,,,,,,,,,,,,,,,,,,5/11,1,1,
5,15,26,5,5.15.26.5,5/10,,,,,,,,,,,,,,,,,,,,5/11,1,1,
6,8,26,5,6.8.26.5,5/9,,,,,,,,,,,,,,,,,,,,5/10,1,1,
7,8,26,5,7.8.26.5,5/9,,,,,,,,,,,,,,,,,,,,5/10,1,1,
10,15,30,5,10.15.30.5,5/10,,,,,,,,,,,,,,,,,,,,5/11,1,1,
11,15,30,5,11.15.30.5,5/10,,,,,,,,,,,,,,,,,,,,5/11,1,1,
12,8,30,5,12.8.30.5,5/9,,,,,,,,,,,,,,,,,,,,5/10,1,1,
13,8,30,5,13.8.30.5,5/9,,,,,,,,,,,,,,,,,,,,5/10,1,1,
14,8,30,5,14.8.30.5,5/9,,,,,,,,,,,,,,,,,,,,5/10,1,1,
15,8,30,5,15.8.30.5,5/9,,,,,,,,,,,,,,,,,,,,5/10,1,1,
16,12,30,5,16.12.30.5,5/10,,,,,,,,,,,,,,,,,,,,5/11,1,1,
17,12,30,5,17.12.30.5,5/10,,,,,,,,,,,,,,,,,,,,5/11,1,1,
18,15,30,5,18.15.30.5,5/9,,,,,,,,,,,,,,,,,,,,5/10,1,1,
19,8,21,5,19.8.21.5,5/9,,,,,,,,,,,,,,,,,,,,5/10,1,1,
20,8,21,5,20.8.21.5,5/9,,,,,,,,,,,,,,,,,,,,5/10,1,1,
21,8,34,5,21.8.34.5,5/9,,,,,,,,,,,,,,,,,,,,5/10,1,1,
22,8,34,5,22.8.34.5,5/9,,,,,,,,,,,,,,,,,,,,5/10,1,1,
23,8,34,5,23.8.34.5,5/9,,,,,,,,,,,,,,,,,,,,5/10,1,1,
24,8,34,5,24.8.34.5,5/9,,,,,,,,,,,,,,,,,,,,5/10,1,1,
25,8,34,5,25.8.34.5,5/9,,,,,,,,,,,,,,,,,,,,5/10,1,1,
26,15,34,5,26.15.34.5,5/9,,,,,,,,,,,,,,,,,,,,5/10,1,1,
27,15,34,5,27.15.34.5,5/9,,,,,,,,,,,,,,,,,,,,5/10,1,1,
28,15,34,5,28.15.34.5,5/9,,,,,,,,,,,,,,,,,,,,5/10,1,1,
29,15,34,5,29.15.34.5,5/9,,,,,,,,,,,,,,,,,,,,5/10,1,1,
30,8,34,5,30.8.34.5,5/9,,,,,,,,,,,,,,,,,,,,5/10,1,1,
31,8,34,5,31.8.34.5,5/9,,,,,,,,,,,,,,,,,,,,5/10,1,1,
32,8,34,5,32.8.34.5,5/9,,,,,,,,,,,,,,,,,,,,5/10,1,1,
33,8,34,5,33.8.34.5,5/9,,,,,,,,,,,,,,,,,,,,5/10,1,1,
34,15,34,5,34.15.34.5,5/10,,,,,,,,,,,,,,,,,,,,5/11,1,1,
35,15,34,5,35.15.34.5,5/10,,,,,,,,,,,,,,,,,,,,5/11,1,1,
36,15,34,5,36.15.34.5,5/10,,,,,,,,,,,,,,,,,,,,5/11,1,1,
37,15,34,5,37.15.34.5,5/10,,,,,,,,,,,,,,,,,,,,5/11,1,1,
38,15,34,5,38.15.34.5,5/10,,,,,,,,,,,,,,,,,,,,5/11,1,1,
39,25,34,5,39.25.34.5,5/10,,,,,,,,,,,,,,,,,,,,5/12,2,1,
40,15,34,5,40.15.34.5,5/10,,,,,,,,,,,,,,,,,,,,5/11,1,1,
41,15,34,5,41.15.34.5,5/10,,,,,,,,,,,,,,,,,,,,5/11,1,1,
42,15,34,5,42.15.34.5,5/10,,,,,,,,,,,,,,,,,,,,5/11,1,1,
43,15,34,5,43.15.34.5,5/10,,,,,,,,,,,,,,,,,,,,5/11,1,1,
44,15,34,5,44.15.34.5,5/10,,,,,,,,,,,,,,,,,,,,5/11,1,1,
45,12,34,5,45.12.34.5,5/10,,,,,,,,,,,,,,,,,,,,5/11,1,1,
46,12,34,5,46.12.34.5,5/10,,,,,,,,,,,,,,,,,,,,5/11,1,1,
47,24,34,5,47.24.34.5,5/9,,,,,,,,,,,,,,,,,,,,5/10,1,1,
48,24,34,5,48.24.34.5,5/9,,,,,,,,,,,,,,,,,,,,5/10,1,1,
49,24,34,5,49.24.34.5,5/10,,,,,,,,,,,,,,,,,,,,5/11,1,1,
50,M1,34,5,50.M1.34.5,5/10,,,,,,,,,,,,,,,,,,,,5/11,1,1,
51,M1,34,5,51.M1.34.5,5/10,,,,,,,,,,,,,,,,,,,,5/11,1,1,
52,15,34,5,52.15.34.5,5/11,,,,,,,,,,,,,,,,,,,,5/12,1,1,
53,15,34,5,53.15.34.5,5/11,,,,,,,,,,,,,,,,,,,,5/12,1,1,
54,3,34,5,54.3.34.5,5/11,,,,,,,,,,,,,,,,,,,,5/12,1,1,
55,8,34,5,55.8.34.5,5/11,,,,,,,,,,,,,,,,,,,,5/12,1,1,
56,8,34,5,56.8.34.5,5/11,,,,,,,,,,,,,,,,,,,,5/12,1,1,
57,8,34,5,57.8.34.5,5/11,,,,,,,,,,,,,,,,,,,,5/12,1,1,
58,3,26,5,58.3.26.5,5/11,,,,,,,,,,,,,,,,,,,,5/12,1,1,
59,15,30,5,59.15.30.5,5/11,,,,,,,,,,,,,,,,,,,,5/12,1,1,
60,3,30,5,60.3.30.5,5/11,,,,,,,,,,,,,,,,,,,,5/12,1,1,
62,8,30,5,62.8.30.5,5/11,,,,,,,,,,,,,,,,,,,,5/12,1,1,
63,8,26,5,63.8.26.5,5/9,,,,,,,,,,,,,,,,,,,,5/12,3,1,
64,8,30,5,64.8.30.5,5/9,,,,,,,,,,,,,,,,,,,,5/11,2,1,
65,15,34,5,65.15.34.5,5/10,,,,,,,,,,,,,,,,,,,,5/12,2,1,
66,8,34,5,66.8.34.5,5/9,,,,,,,,,,,,,,,,,,,,5/11,2,1,
67,8,34,5,67.8.34.5,5/9,,,,,,,,,,,,,,,,,,,,5/11,2,1,
68,3,21,5,68.3.21.5,5/12,,,,,,,,,,,,,,,,,,,,5/13,1,1,
69,15,21,5,69.15.21.5,5/11,,,,,,,,,,,,,,,,,,,,5/13,2,1,
80,M1,16,5,80.M1.16.5,5/13,,,,,,,,,,,,,,,,,,,,5/14,1,1,
81,M1,21,5,81.M1.21.5,5/13,,,,,,,,,,,,,,,,,,,,5/14,1,1,
82,8,21,5,82.8.21.5,5/9,,,,,,,,,,,,,,,,,,,,5/14,5,1,
83,15,21,5,83.15.21.5,5/11,,,,,,,,,,,,,,,,,,,,5/14,3,1,
84,M1,34,5,84.M1.34.5,5/13,,,,,,,,,,,,,,,,,,,,5/14,1,1,
85,M1,34,5,85.M1.34.5,5/13,,,,,,,,,,,,,,,,,,,,5/14,1,1,
86,24,34,5,86.24.34.5,5/13,,,,,,,,,,,,,,,,,,,,5/14,1,1,
87,24,34,5,87.24.34.5,5/13,,,,,,,,,,,,,,,,,,,,5/14,1,1,
91,M1,26,5,91.M1.26.5,5/14,,,,,,,,,,,,,,,,,,,,5/15,1,1,
99,M1,30,5,99.M1.30.5,5/14,,,,,,,,,,,,,,,,,,,,5/15,1,1,
106,12,30,5,106.12.30.5,5/14,,,,,,,,,,,,,,,,,,,,5/15,1,1,
107,12,30,5,107.12.30.5,5/14,,,,,,,,,,,,,,,,,,,,5/15,1,1,
117,24,34,5,117.24.34.5,5/13,,,,,,,,,,,,,,,,,,,,5/15,2,1,
118,3,34,5,118.3.34.5,5/14,,,,,,,,,,,,,,,,,,,,5/15,1,1,
119,3,16,5,119.3.16.5,5/14,,,,,,,,,,,,,,,,,,,,5/15,1,1,
120,3,16,5,120.3.16.5,5/14,,,,,,,,,,,,,,,,,,,,5/15,1,1,
121,M1,16,5,121.M1.16.5,5/14,,,,,,,,,,,,,,,,,,,,5/15,1,1,
122,12,16,5,122.12.16.5,5/14,,,,,,,,,,,,,,,,,,,,5/15,1,1,
123,15,16,5,123.15.16.5,5/11,,,,,,,,,,,,,,,,,,,,5/15,4,1,
148,3,16,5,148.3.16.5,5/14,,,,,,,,,,,,,,,,,,,,5/16,2,1,
149,M1,16,5,149.M1.16.5,5/13,,,,,,,,,,,,,,,,,,,,5/16,3,1,
150,3,16,5,150.3.16.5,5/15,,,,,,,,,,,,,,,,,,,,5/16,1,1,
151,12,16,5,151.12.16.5,5/15,,,,,,,,,,,,,,,,,,,,5/16,1,1,
158,M1,26,5,158.M1.26.5,5/14,,,,,,,,,,,,,,,,,,,,5/17,3,1,
162,M1,16,5,162.M1.16.5,5/14,,,,,,,,,,,,,,,,,,,,5/17,3,1,
163,M1,16,5,163.M1.16.5,5/14,,,,,,,,,,,,,,,,,,,,5/17,3,1,
168,M1,34,5,168.M1.34.5,5/13,,,,,,,,,,,,,,,,,,,,5/17,4,1,
169,M1,34,5,169.M1.34.5,5/13,,,,,,,,,,,,,,,,,,,,5/17,4,1,
170,M1,34,5,170.M1.34.5,5/13,,,,,,,,,,,,,,,,,,,,5/17,4,1,
175,3,21,5,175.3.21.5,5/15,,,,,,,,,,,,,,,,,,,,5/17,2,1,
177,M1,30,5,177.M1.30.5,5/14,,,,,,,,,,,,,,,,,,,,5/17,3,1,
192,M1,21,5,192.M1.21.5,5/14,,,,,,,,,,,,,,,,,,,,5/18,4,1,
197,M1,21,5,197.M1.21.5,5/13,,,,,,,,,,,,,,,,,,,,5/18,5,1,
203,M1,34,5,203.M1.34.5,5/14,,,,,,,,,,,,,,,,,,,,5/18,4,1,
209,3,16,5,209.3.16.5,5/15,,,,,,,,,,,,,,,,,,,,5/18,3,1,
215,M1,34,5,215.M1.34.5,5/13,,,,,,,,,,,,,,,,,,,,5/19,6,1,
233,15,16,5,233.15.16.5,5/12,,,,,,,,,,,,,,,,,,,,5/19,7,1,
279,15,16,5,279.15.16.5,5/12,,,,,,,,,,,,,,,,,,,,5/21,9,1,
291,24,26,5,291.24.26.5,5/15,,,,,,,,,,,,,,,,,,,,5/22,7,1,
292,15,26,5,292.15.26.5,5/9,,,,,,,,,,,,,,,,,,,,5/22,13,1,
143,15,30,5,143.15.30.5,5/10,,5/16,6,10.1,,5/18,8,60.1,,5/21,11,184.1,Y,,5/28,18,Y,F,85.7,,,,Spent 5/13 in 26 chamber
147,15,30,5,147.15.30.5,5/10,,5/16,6,21.3,,5/17,7,36.8,,5/21,11,203.6,Y,,5/28,18,Y,F,90.4,,,,Spent 5/13 in 26 chamber
179,15,30,5,179.15.30.5,5/11,,5/17,6,26.4,,5/18,7,27.9,,5/22,11,168.6,Y,,5/28,17,Y,M,79.2,,,,